nr,video_id,titel,dauer_min,url
1,XWsJwENtXyU,"Give Me 15 Minutes, I’ll Give You 10,000 Hours of Agency Knowledge",15.8,https://www.youtube.com/watch?v=XWsJwENtXyU
2,Ryj3Iywg1SQ,How I Would Build a $6.4M/Year Agency (If I Had to Start Over),15.9,https://www.youtube.com/watch?v=Ryj3Iywg1SQ
3,cAGEGF0meNA,$180K/mo Agency and Only Keeping 20% - Here's The Fix,78.9,https://www.youtube.com/watch?v=cAGEGF0meNA
4,VDEbrYSHIpo,Building a $100K/Month Agency Offer From SCRATCH (Full Guide),28.9,https://www.youtube.com/watch?v=VDEbrYSHIpo
5,MOM0FqF2njE,From $17.5K to $180K/mo | How This Agency Scaled in 12 Months,16.2,https://www.youtube.com/watch?v=MOM0FqF2njE
6,6Pv2dx4sEag,How They Scaled Their YouTube Agency To $300K/Month,60.5,https://www.youtube.com/watch?v=6Pv2dx4sEag
7,1ZkSsNQyUiM,How This Agency Owner Scaled To $40K/Mo,41.1,https://www.youtube.com/watch?v=1ZkSsNQyUiM
8,xmQ0jHBtk2c,(Leaked Mastermind Footage) Agency Owner Reveals How He Scaled From $10K/Mo To $50K/Mo,47.9,https://www.youtube.com/watch?v=xmQ0jHBtk2c
9,Bd3ZFNZOruQ,How He Scaled His Content Agency From $10K/Mo To $100K/Mo In 1 Year,73.0,https://www.youtube.com/watch?v=Bd3ZFNZOruQ
10,bokLFVIDAas,The Exact Video Retainer Model I Used To Go From Project Work To $100K+Month,15.4,https://www.youtube.com/watch?v=bokLFVIDAas
11,ig-ngoBT61w,How I Scaled From $10K to $50Kmo — Here Are the 5 Things That Changed,20.3,https://www.youtube.com/watch?v=ig-ngoBT61w
12,xdX-BDOSw28,How I Run A $5M Agency In 4 Hrs/Day (Full Ops Breakdown),22.8,https://www.youtube.com/watch?v=xdX-BDOSw28
13,fDzvgh6lRrU,Watch Me Live Scale This $10K/Mo Social Media Marketing Agency,57.8,https://www.youtube.com/watch?v=fDzvgh6lRrU
14,Zc7lHDG6A5Q,I Almost Quit My Agency — Here's What Changed Everything,12.0,https://www.youtube.com/watch?v=Zc7lHDG6A5Q
15,iQT-5bnJlY4,How To Hire Your First AI Employee In 2026 (Step By Step),11.5,https://www.youtube.com/watch?v=iQT-5bnJlY4
16,Cc39Z3yV0nU,"From Chaotic ""Yes Man"" to $20K/mo Agency Owner in 4 Months",18.1,https://www.youtube.com/watch?v=Cc39Z3yV0nU
17,IXyR300yMDE,How AI Runs My $5M/Yr Agency For Me,31.6,https://www.youtube.com/watch?v=IXyR300yMDE
18,-TGxrN1qliw,How I Sell $5K+ Mo Video Retainers to Local Businesses,14.2,https://www.youtube.com/watch?v=-TGxrN1qliw
19,_pn6jL4u6Z4,How to Prove ROI to Agency Clients So They Never Want to Leave,14.2,https://www.youtube.com/watch?v=_pn6jL4u6Z4
20,u2qqCg4358c,How I Built A Player Company Culture At My $5M Agency,13.7,https://www.youtube.com/watch?v=u2qqCg4358c
21,1qUnlkypA0Y,How To Raise Your Agency Prices Without Losing Clients,17.3,https://www.youtube.com/watch?v=1qUnlkypA0Y
22,dSjwo9q_JKw,When to Fire an Agency Client (5 Signs It's Time),15.3,https://www.youtube.com/watch?v=dSjwo9q_JKw
23,s2rBk6Tkumc,From $4K/Mo to $16K/Mo - How He 4X'd His YouTube Agency,15.9,https://www.youtube.com/watch?v=s2rBk6Tkumc
24,IF0lQNt2eLM,How we generated 7 figures from Instagram,30.5,https://www.youtube.com/watch?v=IF0lQNt2eLM
25,41DYjRTgSLY,How This Videographer Built a $30K/mo Agency That Runs WITHOUT Him,17.1,https://www.youtube.com/watch?v=41DYjRTgSLY
26,b58B_0c4xJg,The Best Funnel for Video Agencies & Videographers,26.5,https://www.youtube.com/watch?v=b58B_0c4xJg
27,d7vDXgg1SWo,How He Doubled His Agency to $25K/mo in 4 Months,23.4,https://www.youtube.com/watch?v=d7vDXgg1SWo
28,LWYmO5Df-TU,"I Tracked 10 Metrics in 723 Agencies, Here’s What Works",21.6,https://www.youtube.com/watch?v=LWYmO5Df-TU
29,OvxkwBo1_24,How I Fully Automated My Agency With 5 AI Employees,24.4,https://www.youtube.com/watch?v=OvxkwBo1_24
30,HoorDJNAzi4,How She Signed Her First Client in 30 Days (Without Experience),14.9,https://www.youtube.com/watch?v=HoorDJNAzi4
31,dPYgTlksigY,How To Transition From Video Editor To Agency Owner,18.1,https://www.youtube.com/watch?v=dPYgTlksigY
32,ReAwGno27qg,How I Use AI To Run A $5M Agency,20.2,https://www.youtube.com/watch?v=ReAwGno27qg
33,TP-FZhEWFjg,How I Hired A Creative Strategist For My $5M Agency (Step By Step),12.0,https://www.youtube.com/watch?v=TP-FZhEWFjg
34,czSpbdcly4w,How I Hired My First Videographer For My $5M Video Agency,13.7,https://www.youtube.com/watch?v=czSpbdcly4w
35,Y0U0NISLaP0,The 7 Tracking Systems I Used To Scale My Agency Past $100K/month,24.1,https://www.youtube.com/watch?v=Y0U0NISLaP0
36,Yup0x3gjEO0,Scaling From Solo Videographer To Multi 6 Figure Agency,29.4,https://www.youtube.com/watch?v=Yup0x3gjEO0
37,iXATbS0lINU,How Tyler Went From $15K/Month to $40K/Month (While Working Less),35.7,https://www.youtube.com/watch?v=iXATbS0lINU
38,yC3_wg-ssbY,How I Scaled My Video Agency Past $100KMonth Without Being On Every Shoot,19.9,https://www.youtube.com/watch?v=yC3_wg-ssbY
39,dfKwWb7EnjI,How to Pay Video Editors and Videographers Per Client,12.9,https://www.youtube.com/watch?v=dfKwWb7EnjI
40,KfEgAagyjF4,How to Build a Video Editing Team From Scratch,12.6,https://www.youtube.com/watch?v=KfEgAagyjF4
41,hMcMa2SI1cA,Helping An Agency Owner Go From $40-50K Month to $100K Month,15.1,https://www.youtube.com/watch?v=hMcMa2SI1cA
42,7HmJmFo4cyU,How This Agency Owner Doubled Her Prices by Doing LESS,17.8,https://www.youtube.com/watch?v=7HmJmFo4cyU
43,mTxbsvFMCFY,How to stop being the bottleneck in your video business,8.8,https://www.youtube.com/watch?v=mTxbsvFMCFY
44,U6hgYmZGm8c,How to Price Video Retainer Packages (Real Numbers),20.1,https://www.youtube.com/watch?v=U6hgYmZGm8c
45,mnB0cYJkx-A,Helping An Agency Owner Go From $30K/Month to $60K/Month,12.8,https://www.youtube.com/watch?v=mnB0cYJkx-A
46,PD4Blui3gOA,retainer vs project based pricing for video agencies,12.5,https://www.youtube.com/watch?v=PD4Blui3gOA
47,SL-aJmXkL-k,"From 80-Hour Workweek ""Grind"" To A Scalable Agency",22.6,https://www.youtube.com/watch?v=SL-aJmXkL-k
48,a6VYG8jV-xk,how to price video production retainer packages,11.8,https://www.youtube.com/watch?v=a6VYG8jV-xk
49,PP0m5fIZX58,From 60-Hour Weeks to True CEO: How She Automated Her Agency,16.7,https://www.youtube.com/watch?v=PP0m5fIZX58
50,2a8AdacVe58,the truth about running a 400K/month agency (not what you think),5.8,https://www.youtube.com/watch?v=2a8AdacVe58
51,_D5utdwbBfI,Scope Creep For Video Agencies (And How To Prevent It),10.5,https://www.youtube.com/watch?v=_D5utdwbBfI
52,8Tw-9OtevVQ,my video editor onboarding process for agencies (copy me),9.7,https://www.youtube.com/watch?v=8Tw-9OtevVQ
53,kfqLeDTjtqo,How Ian Doubled His Agency Profit Margins (30% to 66% Profit in 4 Months),17.4,https://www.youtube.com/watch?v=kfqLeDTjtqo
54,BDZnjBfoV0s,"i rewired my brain, then scaled my agency to $5M at 29",9.9,https://www.youtube.com/watch?v=BDZnjBfoV0s
55,_LWAVSQw2no,"""I'm working 16 hours per day in my agency""",15.4,https://www.youtube.com/watch?v=_LWAVSQw2no
56,-Epdh65xclQ,How She Went From Solo Operator To CEO (Social Media Agency),15.8,https://www.youtube.com/watch?v=-Epdh65xclQ
57,ecqocK8bhHw,"I Studied 650 Agencies, Here’s How To ACTUALLY Grow Your Agency",35.6,https://www.youtube.com/watch?v=ecqocK8bhHw
58,zgka6p0rU4U,How This Agency Owner Did More in 6 WEEKS Than an Entire Year (And Working Less),21.4,https://www.youtube.com/watch?v=zgka6p0rU4U
59,wv0-Urye72A,Helping An Agency Owner Go From $10K/Month to $30K/Month,10.7,https://www.youtube.com/watch?v=wv0-Urye72A
60,mRPFm-ze_nA,the EXACT video production workflow I used for my 5M agency,5.7,https://www.youtube.com/watch?v=mRPFm-ze_nA
61,jav79PMk1Hs,Who to hire FIRST in your video agency,5.9,https://www.youtube.com/watch?v=jav79PMk1Hs
62,EbVsuIfUqJY,How Tony Took His Video Agency From $2.5K/mo to $15K/mo In Under 3 Months,16.0,https://www.youtube.com/watch?v=EbVsuIfUqJY
63,TRX0KO8NHX8,Agency stuck in fulfillment?,9.1,https://www.youtube.com/watch?v=TRX0KO8NHX8
64,-IsDXPDGe3s,How I Grew My Video Agency From $0- $225K/Month,27.2,https://www.youtube.com/watch?v=-IsDXPDGe3s
65,4rLXd-TSa7Q,How Jake Scaled His Agency From $7K/Mo to $21K/Mo,14.6,https://www.youtube.com/watch?v=4rLXd-TSa7Q
66,iMdUQ5b8HQU,How I Manage 87 Clients On Notion (Copy My Template),23.4,https://www.youtube.com/watch?v=iMdUQ5b8HQU
67,hrCP0vVDy_8,Javier & Leslie Went From $0-$10K/month With Their Video Agency,15.7,https://www.youtube.com/watch?v=hrCP0vVDy_8
68,cEPNPs0nHfw,4 Ways I Use Notion To Automate My $5M Agency,25.1,https://www.youtube.com/watch?v=cEPNPs0nHfw
69,sMXoCitR4uI,How AJ Built A Client Getting System For His Video Agency,17.7,https://www.youtube.com/watch?v=sMXoCitR4uI
70,iH8tIRLiswg,Building A $100K/Month Agency For An Agency Owner In 28 Minutes,28.2,https://www.youtube.com/watch?v=iH8tIRLiswg
71,kRFqQ6-yurc,The 4 Levels Of Building A $5M Agency,29.3,https://www.youtube.com/watch?v=kRFqQ6-yurc
72,JttWv-YndBw,"""I just lost the biggest client in my agency, now what do I do?""",9.1,https://www.youtube.com/watch?v=JttWv-YndBw
73,NSiWAT_Uijo,5 Hiring Mistakes That Kill Agencies at $10K-30K/Month,9.8,https://www.youtube.com/watch?v=NSiWAT_Uijo
74,P_01ldB1Bvk,How Marlo Went From $34K/mo to $80K/mo In Under 6 Months,20.8,https://www.youtube.com/watch?v=P_01ldB1Bvk
75,ysM1JJ2QgQI,How To Remove Yourself From Day To Day Agency Fulfillment,10.8,https://www.youtube.com/watch?v=ysM1JJ2QgQI
76,87POr6yZRvg,Notion vs ClickUp: What's Best For Agencies?,21.8,https://www.youtube.com/watch?v=87POr6yZRvg
77,amUEjRARz-A,How I Added $116K In Video Retainers For My Agency,25.1,https://www.youtube.com/watch?v=amUEjRARz-A
78,-AILv8Y60mM,How Justin Scaled His Agency From $10-15K/Mo to $50K/Mo,23.1,https://www.youtube.com/watch?v=-AILv8Y60mM
79,hSv4KlwORBo,I Taught 12 Agency Owners How to Scale (Tulum Mastermind Vlog),9.2,https://www.youtube.com/watch?v=hSv4KlwORBo
80,6VeJfIaoWlQ,How to Build Systems (so your business runs without you),21.6,https://www.youtube.com/watch?v=6VeJfIaoWlQ
81,eUrfMvPUGGU,How Albi Scaled His Agency From $12K/Mo to $40K/Mo,22.7,https://www.youtube.com/watch?v=eUrfMvPUGGU
82,FdfQWsX0CD0,The Ultimate Notion Hiring System For Agencies,35.8,https://www.youtube.com/watch?v=FdfQWsX0CD0
83,WLurUGpDnYM,"Notion For Video Production (2026) - Plan, Shoot, Edit, Deliver",17.8,https://www.youtube.com/watch?v=WLurUGpDnYM
84,_TsElVjIsgQ,Dylan Scaled His Agency From $2K/Mo to $200K/Mo,24.4,https://www.youtube.com/watch?v=_TsElVjIsgQ
85,zBP-TuLAmPM,Notion Vs Monday.com: Which Is Better For Agencies,24.6,https://www.youtube.com/watch?v=zBP-TuLAmPM
86,LSPJ52jh4cI,How Jacob Automated & Systemized His Video Agency,18.1,https://www.youtube.com/watch?v=LSPJ52jh4cI
87,BxEB7DHCV3E,"Building A $1,000,000 Agency For A Client In 29 Mins | Fix My Agency",28.9,https://www.youtube.com/watch?v=BxEB7DHCV3E
88,9juQC7nlWkc,How To Scale Your Agency FAST With SOP's 2026,15.4,https://www.youtube.com/watch?v=9juQC7nlWkc
89,ykmz7HIwouY,"She Took Her Agency From $1,600 → $47,000 in 8 Weeks",16.9,https://www.youtube.com/watch?v=ykmz7HIwouY
90,xJLu33s6e58,Notion vs Asana: Which Tool Is Right For Your Agency?,22.5,https://www.youtube.com/watch?v=xJLu33s6e58
91,7FmI3BgRw0s,The Fastest Way To Make $100k/Month with Your Video Agency,36.5,https://www.youtube.com/watch?v=7FmI3BgRw0s
92,nuJv3-tGXZc,Steal My $320K/month Agency’s Systems & Team Structure (Full Operations Masterclass),28.6,https://www.youtube.com/watch?v=nuJv3-tGXZc
93,_BlhWcMI1SQ,The Ultimate Notion Template For Agencies In 2026 (Steal My Template),6.0,https://www.youtube.com/watch?v=_BlhWcMI1SQ
94,cVscb0aIgnQ,Steve DOUBLED His Profit Margins For His Ad Agency,26.1,https://www.youtube.com/watch?v=cVscb0aIgnQ
95,Fn4ZKLXfrKQ,How Clayton Built A $200k/Month Video Agency,14.9,https://www.youtube.com/watch?v=Fn4ZKLXfrKQ
96,4eOxK494MPU,This Agency Owner Was Skeptical—Until He Landed His First Client in 4 Weeks,15.8,https://www.youtube.com/watch?v=4eOxK494MPU
97,bZT9wYNx6Vg,How I Use Notion To Run My $5M Agency (Steal My Template),16.4,https://www.youtube.com/watch?v=bZT9wYNx6Vg
98,5K1l2zTX_Xk,How I Built a $5M Client Getting System (FREE COURSE),108.7,https://www.youtube.com/watch?v=5K1l2zTX_Xk
99,6imElLkkfLU,Video Agencies: Get CRAZY Results For Your Clients (GUARANTEED),115.6,https://www.youtube.com/watch?v=6imElLkkfLU
100,wmeVIlUQMbI,The TRUTH About Building a $100K/Mo Agency,31.5,https://www.youtube.com/watch?v=wmeVIlUQMbI
101,dVh263luJSM,Agency Scaled to $200k/Mo by QUITTING THIS,34.1,https://www.youtube.com/watch?v=dVh263luJSM
102,FvjMjC0eaSA,He’s on Track for $100K/Month… and Works LESS Than You,30.2,https://www.youtube.com/watch?v=FvjMjC0eaSA
103,4q5sK9kMjzc,How I Automated My 7 Figure Agency (FREE OPS COURSE),302.9,https://www.youtube.com/watch?v=4q5sK9kMjzc
104,0KF2yBiyEBI,8 Brutal Lessons I Learned Scaling My Agency To $100K/mo,13.2,https://www.youtube.com/watch?v=0KF2yBiyEBI
105,VGdZHzlXoiw,I Was Broke At 19. Now My Agency Makes +$100K/mos Without Me,13.9,https://www.youtube.com/watch?v=VGdZHzlXoiw
106,Ow2eietpqgA,i worked 4 hours a day and my agency kept hitting +$100K/Months,13.9,https://www.youtube.com/watch?v=Ow2eietpqgA
107,hkuPPcRY4AM,3 AI Agents You MUST HAVE For Your Agency in 2025,17.7,https://www.youtube.com/watch?v=hkuPPcRY4AM
108,Gda3v3_C9Cw,Building a $100k/mo Agency For A Client In 23 Min,23.2,https://www.youtube.com/watch?v=Gda3v3_C9Cw
109,3m_SV_D1QOI,Give me just 13 mins and I’ll DELETE your broken mindset,13.2,https://www.youtube.com/watch?v=3m_SV_D1QOI
110,OCzrqh8hAGw,$10k/mo Freelancer vs $100k/mo Agency,18.6,https://www.youtube.com/watch?v=OCzrqh8hAGw
111,1oyAVPhQIKU,How I Grew My Marketing Agency From $0-$320K/month In Under 18 Months,15.0,https://www.youtube.com/watch?v=1oyAVPhQIKU
112,l2mkxM_Rp30,Building a $100K/Month Agency For a Client in 27 Mins,26.3,https://www.youtube.com/watch?v=l2mkxM_Rp30
113,ODCKv8NMjxc,Starting a $100k/mo Agency in 1 Day,36.5,https://www.youtube.com/watch?v=ODCKv8NMjxc
114,nn7IPhiZE5Y,pov: helping 364 agencies buy back their time,8.0,https://www.youtube.com/watch?v=nn7IPhiZE5Y
115,hggXDRwhfpE,How I Built a $100K/Month Agency Using SYSTEMS,22.7,https://www.youtube.com/watch?v=hggXDRwhfpE
116,UCuCiEm1Rlg,Building a $100K/mo Agency For A Stranger in 26 Mins,25.8,https://www.youtube.com/watch?v=UCuCiEm1Rlg
117,ZFxhuH_l9N4,"i tried 16 ways of getting clients, here are the BEST (SMMA)",22.0,https://www.youtube.com/watch?v=ZFxhuH_l9N4
118,UnlJylXRAoY,How This Freelancer Built a $100k/mo Agency & Studio in 6 Months,14.6,https://www.youtube.com/watch?v=UnlJylXRAoY
119,bkKSTyktenE,I Built An Entire Agency Onboarding System In 45 Minutes,14.2,https://www.youtube.com/watch?v=bkKSTyktenE
120,HFlRikA9uIo,How I Built a +$100K/mo Agency That Runs Without Me,33.4,https://www.youtube.com/watch?v=HFlRikA9uIo
121,V_2D6hvBBd0,I Built a +$100K/Mo Agency (So You Can Copy Me),17.0,https://www.youtube.com/watch?v=V_2D6hvBBd0
122,nKtb-Xr5HRE,The ONLY Agency Sales Systems Training To Scale To $100k/mo,43.9,https://www.youtube.com/watch?v=nKtb-Xr5HRE
123,5mWj25dYkKo,FULL Notion Course For Agency Owners (112 Mins),112.8,https://www.youtube.com/watch?v=5mWj25dYkKo
124,iH8tQCN6l4I,"This is Boring, But You’ll Hit $100k/mo in Your Agency FAST",30.4,https://www.youtube.com/watch?v=iH8tQCN6l4I
125,-8MEGEFG990,How I Built a $200k/mo Agency From My Personal Brand (Full Breakdown),11.6,https://www.youtube.com/watch?v=-8MEGEFG990
126,J4CG3HHi97E,THIS Real Estate Media Agency Adds $20k from $140 in Ads (IN 2 WEEKS),16.6,https://www.youtube.com/watch?v=J4CG3HHi97E
127,HlNs_bXgNBQ,I Cracked The Code on Fulfillment in Notion (2025),13.3,https://www.youtube.com/watch?v=HlNs_bXgNBQ
128,nlogfkOfcSo,The Sales System I Use To Book 4397 Sales Calls For My Agency,11.2,https://www.youtube.com/watch?v=nlogfkOfcSo
129,0va8NT6HJ-I,The Simplest Way to Build a Client Portal That Keeps Clients Happy,17.7,https://www.youtube.com/watch?v=0va8NT6HJ-I
130,8Qu7OVossCw,Why Notion Forms Are a Game Changer for Agencies,7.3,https://www.youtube.com/watch?v=8Qu7OVossCw
131,JH9QoJH6jys,How I Turned Notion into a CRM For My Agency (10X SALES),24.1,https://www.youtube.com/watch?v=JH9QoJH6jys
132,SZLMdwck29E,$100K/Mo Hiring System for Agency Owners,26.5,https://www.youtube.com/watch?v=SZLMdwck29E
133,alGapqeMtKY,THIS Creative Agency 9X Their Revenue With Our NEW Notion Systems,28.5,https://www.youtube.com/watch?v=alGapqeMtKY
134,VVcqpHBexqQ,I Went From BROKE Freelancer to $200k/mo Agency CEO in 2 Years!,35.4,https://www.youtube.com/watch?v=VVcqpHBexqQ
135,W63UpHLnNZY,Established Agency Owner Received $30k With Just ONE Ad (CASE STUDY),22.9,https://www.youtube.com/watch?v=W63UpHLnNZY
136,9Klw68QX3l4,NEW WAY For Lead Gen To Scale a $100k/mo Agency in Notion,16.8,https://www.youtube.com/watch?v=9Klw68QX3l4
137,YUSPn7pqoYw,THIS Video Agency Owner Went From Burnout to $30K Months in 6 Months,17.1,https://www.youtube.com/watch?v=YUSPn7pqoYw
138,k3Kz1aQVtrM,NEW Way To Run A $100k/mo Agency Using Notion in 2026,31.2,https://www.youtube.com/watch?v=k3Kz1aQVtrM
139,ZpJeLuJPMrY,The SYSTEM That Made THIS Freelancer into a Full-Time Agency,26.1,https://www.youtube.com/watch?v=ZpJeLuJPMrY
140,uJ3RhIJnjj8,Ken Made $100K in 7 Weeks this NEW Offer in His Agency (CASE STUDY),34.1,https://www.youtube.com/watch?v=uJ3RhIJnjj8
141,MS8uZDP3_xk,How I AUTOMATE My Marketing Agency's Onboarding in 5 Minutes,16.6,https://www.youtube.com/watch?v=MS8uZDP3_xk
142,RC4Z-58Vck0,Why Agencies FAIL (The Hidden Problem No One Talks About),24.2,https://www.youtube.com/watch?v=RC4Z-58Vck0
143,7IDaqxE8ebs,How THESE Agency Owners Are Building 7-Figure Agencies,10.0,https://www.youtube.com/watch?v=7IDaqxE8ebs
144,KHUkKVlUevM,The BEST Team Structure For Scaling To $100k/mo In Your Marketing Agency,17.3,https://www.youtube.com/watch?v=KHUkKVlUevM
145,tmPGfUd8fZ8,How I Built My $200k/mo Agency So It Runs Without Me,20.4,https://www.youtube.com/watch?v=tmPGfUd8fZ8
146,rHAdaeWcFpQ,How I Deliver RESULTS For My Video Agency Clients,21.1,https://www.youtube.com/watch?v=rHAdaeWcFpQ
147,tmVW7uBlCVM,15 Marketing Tools For Agencies in 2025,16.8,https://www.youtube.com/watch?v=tmVW7uBlCVM
148,qHDLQPqtHzo,How We Are Helping +150 Agencies Scale to $100k Months,24.4,https://www.youtube.com/watch?v=qHDLQPqtHzo
149,R2dVEktcmdY,How to Run a $200k/mo Marketing Agency in 1 Hour a Week,23.3,https://www.youtube.com/watch?v=R2dVEktcmdY
150,xUKYgsdqeCk,Justin was a confused freelancer to having clarity with $40k/mo running a team (CASE STUDY),20.2,https://www.youtube.com/watch?v=xUKYgsdqeCk
151,UMMMJ0ISsms,i hit $200k month in my smma on easy mode lol,23.0,https://www.youtube.com/watch?v=UMMMJ0ISsms
152,AFP8g5ybFLw,$4K to $20K: The Accountability and Systems That CHANGED Our Agency (CASE STUDY),23.6,https://www.youtube.com/watch?v=AFP8g5ybFLw
153,awRf0vNqxpA,24 Hour Agency Owner Mastermind,9.0,https://www.youtube.com/watch?v=awRf0vNqxpA
154,XzTjYx3wlyc,"How I Scaled My Agency to $220,000/Month [FULL Masterclass]",23.9,https://www.youtube.com/watch?v=XzTjYx3wlyc
155,hjD7KWuH7gE,pov: helping +150 agencies scale 1:1 to $100km,12.2,https://www.youtube.com/watch?v=hjD7KWuH7gE
156,_yibGLQRA8o,7 Years of No BS SMMA Advice in 18 Mins,18.2,https://www.youtube.com/watch?v=_yibGLQRA8o
157,65WmMB-1Vg8,Alex Hormozi’s Agency Strategy Will Blow Up Your Business,12.1,https://www.youtube.com/watch?v=65WmMB-1Vg8
158,cSCcAIomSv4,How This Freelancer Went From $1k to $15k in 4 Weeks (CASE STUDY),25.0,https://www.youtube.com/watch?v=cSCcAIomSv4
159,8ggjfN6VA-4,How to Build A $100k/mo Agency Offer,14.0,https://www.youtube.com/watch?v=8ggjfN6VA-4
160,DD17nsWAPOA,Freelancer Scales to $50k MRR (CASE STUDY),23.0,https://www.youtube.com/watch?v=DD17nsWAPOA
161,UsCWjrFEJcM,Want 20 New Clients for Your Agency? Watch this,16.8,https://www.youtube.com/watch?v=UsCWjrFEJcM
162,jKlx9Loi_tQ,The 4 Systems That Scaled Me To $200k in My Marketing Agency,22.4,https://www.youtube.com/watch?v=jKlx9Loi_tQ
163,HzFnVqjfdrk,pov: 31 year old $200k/mo Agency Owner CEO,11.2,https://www.youtube.com/watch?v=HzFnVqjfdrk
164,hI4K_Y-yZRM,the laziest cold email outreach for $100k/mo in your agency,59.6,https://www.youtube.com/watch?v=hI4K_Y-yZRM
165,LyxUtEwuNiI,"How Ryan Added $34,000 in 2 Weeks in his SMMA",18.7,https://www.youtube.com/watch?v=LyxUtEwuNiI
166,3YZmT1pV2jE,if you want to scale your agency to $100k/mo. watch this.,19.5,https://www.youtube.com/watch?v=3YZmT1pV2jE
167,f95ci9_8rVA,How to Build $200k/mo Systems (So Your SMMA Runs Without You),18.9,https://www.youtube.com/watch?v=f95ci9_8rVA
168,lpTXhD6Ogco,This Simple Shift Could Take Your Agency to $50k,15.8,https://www.youtube.com/watch?v=lpTXhD6Ogco
169,NnOfVZ7OdTk,How Cutting 75% of His Clients Created Clarity,24.1,https://www.youtube.com/watch?v=NnOfVZ7OdTk
170,QYjmsuUxgHs,CEO Productivity SECRETS to scale to $100k/mo,7.5,https://www.youtube.com/watch?v=QYjmsuUxgHs
171,z0EsmBKlSZA,$100k/mo Financial Plan For YOUR Agency,10.9,https://www.youtube.com/watch?v=z0EsmBKlSZA
172,bpRIUw6iP0s,The Retainer Model That Grew This Real Estate Agency to $100k,16.2,https://www.youtube.com/watch?v=bpRIUw6iP0s
173,tjRmEAFPmfo,From Being Overwhelmed to Consistent $20k Months,19.0,https://www.youtube.com/watch?v=tjRmEAFPmfo
174,vFfjitL_Af4,I Debunked 200+ Agency Owner’s Myths,31.3,https://www.youtube.com/watch?v=vFfjitL_Af4
175,QxpFwFFUGDk,Alex Hormozi SECRETS for Scaling an Agency to $100k/mo,11.3,https://www.youtube.com/watch?v=QxpFwFFUGDk
176,SOt9NnNTZFA,How This 18-Year-Old Built a 50K/Month Business While in School!,16.9,https://www.youtube.com/watch?v=SOt9NnNTZFA
177,r7QMKXSzQIs,The Guy Behind Viral Personal Brands Sharing ALL His Secrets,67.5,https://www.youtube.com/watch?v=r7QMKXSzQIs
178,WNfEVXyna6o,How to Get Clients Predictably To Hit $100k/mo,20.5,https://www.youtube.com/watch?v=WNfEVXyna6o
179,ehMJPUOaKmo,Scaling Past 100k mo is EASIER Than You Think,9.8,https://www.youtube.com/watch?v=ehMJPUOaKmo
180,MRxq1krHw-c,What It Really Takes to Hit $100k/m In Your Agency,13.4,https://www.youtube.com/watch?v=MRxq1krHw-c
181,88E4JR78tyM,Alex Hormozi 4 Business Concepts for Agencies,9.9,https://www.youtube.com/watch?v=88E4JR78tyM
182,M88S2UId1zg,The 4 Pillars Your Agency Needs To Scale to $200k/pm,16.9,https://www.youtube.com/watch?v=M88S2UId1zg
183,Z-3jvO0meNA,Ranking Every SMMA Niche From Best to Worst (2024),11.8,https://www.youtube.com/watch?v=Z-3jvO0meNA
184,Qi4_J4hPBNc,you will never hit $100k/mo if you keep doing this,10.3,https://www.youtube.com/watch?v=Qi4_J4hPBNc
185,CNTFjEDN32U,My Secret to Building a $100k/mo Agency Team (Step-By-Step),11.3,https://www.youtube.com/watch?v=CNTFjEDN32U
186,fABV_rVWjwI,Step-By-Step How I Get $50k in PROFIT For My Agency!,10.9,https://www.youtube.com/watch?v=fABV_rVWjwI
187,Wpn5ppaPAcM,any idiot can make $10k/pm in an agency doing THIS,26.6,https://www.youtube.com/watch?v=Wpn5ppaPAcM
188,PWZxZm2-0WU,How I Book 40+ Sales Calls A Month Guaranteed (2025),15.4,https://www.youtube.com/watch?v=PWZxZm2-0WU
189,IgLjjjTsyWY,"If I Wanted to Go From Broke to Agency CEO, Here’s What I’d Do",10.0,https://www.youtube.com/watch?v=IgLjjjTsyWY
190,EE2IYJwaRC8,SECRETS For Managing Creatives Inside a $100k/mo Agency,18.8,https://www.youtube.com/watch?v=EE2IYJwaRC8
191,VFIiplriMvo,the NEW Way of Cold Emailing for Agencies (2024),13.5,https://www.youtube.com/watch?v=VFIiplriMvo
192,AzHMh_WYFlA,Agencies: 10x Revenue with 1 New Sales Process,15.0,https://www.youtube.com/watch?v=AzHMh_WYFlA
193,MHOBpY7STRQ,The Only Guide You'll Ever Need to Hit $100k/months in 2025,14.3,https://www.youtube.com/watch?v=MHOBpY7STRQ
194,0efZT3jKV-s,$200k/mo CEO Explains How to Build An Agency You Love,11.5,https://www.youtube.com/watch?v=0efZT3jKV-s
195,xM7Po9uT5BI,4 Reasons Your Agency Is Stuck at $20K/Month,11.1,https://www.youtube.com/watch?v=xM7Po9uT5BI
196,UDICDiG3auw,Asking 7 Figure Agency Owners Their Secret To Their Success,8.2,https://www.youtube.com/watch?v=UDICDiG3auw
197,I7Lm5-lPZto,This ONE Skill Took My Agency from Chaos to +$100K/Month,10.4,https://www.youtube.com/watch?v=I7Lm5-lPZto
198,LkZlwRsVj0E,I Cracked the Code on Service Delivery,7.4,https://www.youtube.com/watch?v=LkZlwRsVj0E
199,kT7iYENYNZU,How to Track Your $100k/Mo Agency Using Notion,8.0,https://www.youtube.com/watch?v=kT7iYENYNZU
200,GOIXserpHpg,How I Use Notion to Run a $200k/mo Agency,12.3,https://www.youtube.com/watch?v=GOIXserpHpg
201,GQyPGAynEC4,how to add $15k+ into your agency,6.0,https://www.youtube.com/watch?v=GQyPGAynEC4
202,UsCcAh9jio8,how i built a $200k month agency to prove it’s not luck,18.5,https://www.youtube.com/watch?v=UsCcAh9jio8
203,7nSKdRH7mGs,Watch these 45 minutes if you want to 10x your agency in 2024,44.0,https://www.youtube.com/watch?v=7nSKdRH7mGs
204,O5AxLg_005g,I Studied 300 Agencies to Build a Perfect One,11.2,https://www.youtube.com/watch?v=O5AxLg_005g
205,JxDkAqWRK1U,Debunking The Most Common Agency Myths (Part 1),27.8,https://www.youtube.com/watch?v=JxDkAqWRK1U
206,ltUGT6rcFaw,Agencies: DO THIS to Grow on Autopilot,9.6,https://www.youtube.com/watch?v=ltUGT6rcFaw
207,zz0VuF7hNxU,Scaling Content Systems For Agencies with Stephen G. Pope,51.2,https://www.youtube.com/watch?v=zz0VuF7hNxU
208,71KEEApPO84,How Max's Content Agency Makes Podcast Go Viral,26.6,https://www.youtube.com/watch?v=71KEEApPO84
209,vaCDjkm-vF4,Agencies Are Dying... Do THIS Instead,22.8,https://www.youtube.com/watch?v=vaCDjkm-vF4
210,xqw2mUDVp8Q,How Jordan CRUSHED $10k in 90 Days,21.9,https://www.youtube.com/watch?v=xqw2mUDVp8Q
211,nwFcEcyxDnc,exactly how i went from making 0 to 100k per month in 10 months step by step (so you can copy me),11.2,https://www.youtube.com/watch?v=nwFcEcyxDnc
212,dPWsCJRWAgY,How to Build a Agency in 2024 [FULL GUIDE],15.9,https://www.youtube.com/watch?v=dPWsCJRWAgY
213,VPrNFNQCB48,The Only Agency Guide You'll Ever Need,18.5,https://www.youtube.com/watch?v=VPrNFNQCB48
214,mthVXqf1Y9M,How I book 1-2 sales calls a day for my agency,11.2,https://www.youtube.com/watch?v=mthVXqf1Y9M
215,gs8H7NTqNk0,Watch this 15 minute video to automate your agency,14.2,https://www.youtube.com/watch?v=gs8H7NTqNk0
216,geeaeu7ieE0,How I onboarded 222 agency clients,10.1,https://www.youtube.com/watch?v=geeaeu7ieE0
217,R0rPHcg3Iik,Agency Sales Mastery: A Comprehensive Guide To Land More Sales,39.0,https://www.youtube.com/watch?v=R0rPHcg3Iik
218,mI8HLqA0bF8,Removing Myself From My Business in 7 Days,23.7,https://www.youtube.com/watch?v=mI8HLqA0bF8
219,IOkMlGRc2XQ,Hormozi's Advice for Agencies,8.4,https://www.youtube.com/watch?v=IOkMlGRc2XQ
220,LtY-O1GPqrQ,"If I Were to Start an Agency in 2025, This Is What I'd Do [$0-$1M GUIDE]",25.6,https://www.youtube.com/watch?v=LtY-O1GPqrQ
221,ahwUsWw9ph8,He fired himself from his agency…Here’s what happened,14.4,https://www.youtube.com/watch?v=ahwUsWw9ph8
222,bsemMP4f-1c,The Best Lead Generation Strategy in 2024,19.0,https://www.youtube.com/watch?v=bsemMP4f-1c
223,TYl4GYvX9yU,The BEST Agency Offer to Scale in 2024,16.2,https://www.youtube.com/watch?v=TYl4GYvX9yU
224,1yue8P7s6yM,Why You're Not Getting New Clients... (For Content Agencies),7.8,https://www.youtube.com/watch?v=1yue8P7s6yM
225,VMkUBziiBAU,"$50,000/mo Agency with Appointment Setters",53.8,https://www.youtube.com/watch?v=VMkUBziiBAU
226,W302TvvABoU,I Sent 250 Instagram DMs a Day and Got This Many Clients,12.7,https://www.youtube.com/watch?v=W302TvvABoU
227,cmeylkXZ3b4,I Broke Down Hormozi's Strategy to Get Clients in 2024,10.0,https://www.youtube.com/watch?v=cmeylkXZ3b4
228,FFK-LBAKHmM,Gabe DOUBLED His Real Estate Media Agency Doing THIS...,19.3,https://www.youtube.com/watch?v=FFK-LBAKHmM
229,9JMOF5-bdgE,Building to Sell: Crafting a Valuable Agency with Brett Watts,54.1,https://www.youtube.com/watch?v=9JMOF5-bdgE
230,hpa_4fxYFUU,How I went from Freelance Videographer to 7 Figure Content Agency,7.6,https://www.youtube.com/watch?v=hpa_4fxYFUU
231,sCcrliBE4PA,Subscribe for more,1.1,https://www.youtube.com/watch?v=sCcrliBE4PA
232,eAM2ldHzkVI,Our Agencies First Million Dollars...Here's How.,6.7,https://www.youtube.com/watch?v=eAM2ldHzkVI
233,C817khPcccI,Delegate Like a Pro: How to Hand Off Tasks Without Losing Quality,1.0,https://www.youtube.com/watch?v=C817khPcccI
234,aosDZr6zE3c,"Scaling My Agency to $200,000 Per Month.",7.8,https://www.youtube.com/watch?v=aosDZr6zE3c
235,4ooOfLCZB5E,How to Land Your Next 10 Agency Clients (PROOF),13.2,https://www.youtube.com/watch?v=4ooOfLCZB5E
236,PfBeskEX6K4,Owning an Agency is Hard....,38.0,https://www.youtube.com/watch?v=PfBeskEX6K4
237,L3BG3DIRq8I,How I Hire A PLAYER Video Editors for Our Agency (STEP BY STEP),14.4,https://www.youtube.com/watch?v=L3BG3DIRq8I
238,KCfLQFHual0,How to FIRE YOURSELF from your Agency (And Become a TRUE CEO),14.5,https://www.youtube.com/watch?v=KCfLQFHual0
239,reak5WzmXks,Video Agency QUADRUPLED With This Simple Strategy,20.3,https://www.youtube.com/watch?v=reak5WzmXks
240,yQsjQ2MCmsk,3 Tools for Unlimited Content Agency Leads,8.1,https://www.youtube.com/watch?v=yQsjQ2MCmsk
241,-29-CkbBRFk,How Think Bullish Grew To A $110K/Mo SMMA,55.1,https://www.youtube.com/watch?v=-29-CkbBRFk
242,laSYEb_-Ku8,Freelancer to $50K/Mo Agency: Matt's Journey to Business Owner.,15.0,https://www.youtube.com/watch?v=laSYEb_-Ku8
243,npynFvxKEGA,THE Best SMMA Cold Email Script (PROVEN),6.9,https://www.youtube.com/watch?v=npynFvxKEGA
244,eSsV7zvArBs,Scaling Your Agency To $10k A Month And Beyond - Here's What You Need To Know | Episode 4,45.9,https://www.youtube.com/watch?v=eSsV7zvArBs
245,91XJAZ6vprE,Get More Video Clients With This Outreach Strategy,12.1,https://www.youtube.com/watch?v=91XJAZ6vprE
246,eHPGeGWO5P4,Why Most Agencies FAIL: Mistakes You MUST Avoid,7.7,https://www.youtube.com/watch?v=eHPGeGWO5P4
247,vidUriCPxws,"The TRUTH About My $200,000p/m Agency",8.2,https://www.youtube.com/watch?v=vidUriCPxws
248,gtjR45UQ3ZU,How I Hit $223K/Month in Our Agency (STEP BY STEP),34.0,https://www.youtube.com/watch?v=gtjR45UQ3ZU
249,bMf7MPmwI0Q,We've generated MILLIONS from BRAND | Agency U Podcast Ep. 3,30.9,https://www.youtube.com/watch?v=bMf7MPmwI0Q
250,Xk_9As0pasQ,How to Get Unlimited Leads for Your Agency (STEP BY STEP),7.5,https://www.youtube.com/watch?v=Xk_9As0pasQ
251,ajpkbolCmII,Mastering Sales at Your SMMA (SECRETS REVEALED) | ep. 2,40.5,https://www.youtube.com/watch?v=ajpkbolCmII
252,qxtsD9QW7ok,How To Buy Back Your Time & Increase Profit In Your Agency,10.8,https://www.youtube.com/watch?v=qxtsD9QW7ok
253,K7jjPlcMWZ8,How We Hit Our First Seven Figures | Agency U Podcast Ep. 1,43.3,https://www.youtube.com/watch?v=K7jjPlcMWZ8
254,hW_RyYAPgM4,Why Your Agency Isn't Scaling Past $15k/mo...,11.5,https://www.youtube.com/watch?v=hW_RyYAPgM4
255,ZXSMmxDIpYE,Are Short Form Video Agencies DEAD? (The TRUTH),9.9,https://www.youtube.com/watch?v=ZXSMmxDIpYE
256,eEC3DrM8gvw,5 Steps To Go From Freelancer to Agency Owner (Fact not theory),11.6,https://www.youtube.com/watch?v=eEC3DrM8gvw
257,h7ct-1Ztve4,How to Price Your Agency Services (FOR PROFIT AND SCALE),13.9,https://www.youtube.com/watch?v=h7ct-1Ztve4
258,OgX9rNxjaW4,LinkedIn Sales Navigator Lead Scraping: Step-by-Step Guide for Agency Owners,6.7,https://www.youtube.com/watch?v=OgX9rNxjaW4
259,jUTeGM_lMIQ,How I Built a 7 Figure Agency (4 Key Steps),15.6,https://www.youtube.com/watch?v=jUTeGM_lMIQ
260,j_L8ALQ2nO4,"The Ultimate Guide to Scaling Your Agency, WITHOUT burning out. (STEP BY STEP)",30.9,https://www.youtube.com/watch?v=j_L8ALQ2nO4
261,PEf-sLzRDCw,Short Form Video Offer: A Step-by-Step Guide for SMMA Success,24.7,https://www.youtube.com/watch?v=PEf-sLzRDCw
262,H8iAaGJJQJQ,How to Scrape Leads from a Website Using THIS Bot 🤖 (SUPER EASY),6.5,https://www.youtube.com/watch?v=H8iAaGJJQJQ
263,ywp_l52vMD8,How We Book 5+ Calls Per Day WITHOUT Ads (STEP BY STEP CREATIVE AGENCY TRAINING),45.0,https://www.youtube.com/watch?v=ywp_l52vMD8
264,JrKhNt4Aw-8,How To Automate Your Agency Onboarding Process | Step By Step Tutorial,16.3,https://www.youtube.com/watch?v=JrKhNt4Aw-8
265,HOIGc1-1WWI,My First Ever Century Bike Ride,12.7,https://www.youtube.com/watch?v=HOIGc1-1WWI
266,_Z47lw96IPU,Step By Step Guide for Chat GPT for Agency Cold Outreach,14.5,https://www.youtube.com/watch?v=_Z47lw96IPU
267,DxHoZgBNYCo,This changed my life as an Entrepreneur. (+ Day in Life),15.3,https://www.youtube.com/watch?v=DxHoZgBNYCo
268,BUMh0BvrqpE,"How we Send 2,000 Cold Emails a Day (SMMA COLD OUTREACH)",18.9,https://www.youtube.com/watch?v=BUMh0BvrqpE
269,fe5yDx3C8NM,"Day in Life of Creative Agency CEO (REALISTIC, 15 EMPLOYEES)",17.8,https://www.youtube.com/watch?v=fe5yDx3C8NM
270,fc_tG4ysN1A,Grand Canyon Rim to (almost) Rim to Rim | 37 miles,14.1,https://www.youtube.com/watch?v=fc_tG4ysN1A
271,7LqBX7Vp0OM,REVEALED: How Agents Can Close 5 Deals from Instagram (super simple tactics),33.9,https://www.youtube.com/watch?v=7LqBX7Vp0OM
272,Ed-AtdFiaA8,Your Brand Has Value,0.5,https://www.youtube.com/watch?v=Ed-AtdFiaA8
273,I99vyc_EvWc,How Our Multi-7 Figure Agency Prices Our Services,14.5,https://www.youtube.com/watch?v=I99vyc_EvWc
274,z-tqTFnAsDE,How to Scale Your Agency (What gurus don't talk about enough).,9.7,https://www.youtube.com/watch?v=z-tqTFnAsDE
275,9TDwYbbDNlQ,6 Figure Agency in 6 Months,12.3,https://www.youtube.com/watch?v=9TDwYbbDNlQ
276,nVfLgkiNbFo,The BEST Agency Niches 2022 (and ones to avoid),15.6,https://www.youtube.com/watch?v=nVfLgkiNbFo
277,t_tVaxIg6P4,"Agency Owners, here's how to close more deals with Calendly!",15.1,https://www.youtube.com/watch?v=t_tVaxIg6P4
278,Z716BCHOAwk,Doubling His Business in 3 Months going from Freelancer to Agency Owner,11.2,https://www.youtube.com/watch?v=Z716BCHOAwk
279,lZWQpCpkYi0,6 Tools your Marketing Agency NEEDS,16.4,https://www.youtube.com/watch?v=lZWQpCpkYi0
280,6YlPfDB2XFM,REVEALED: How to find unlimited LEADS for your Marketing Agency. 🤩,11.3,https://www.youtube.com/watch?v=6YlPfDB2XFM
281,Rcvcu5S6Zgk,Should you start a marketing agency?,7.8,https://www.youtube.com/watch?v=Rcvcu5S6Zgk
282,dd5Jl7UiPH0,"Neel Dhingra - Social media and mortgage, how to land BIG collabs, and financial freedom.",46.9,https://www.youtube.com/watch?v=dd5Jl7UiPH0
283,S6WNPcSqONQ,Prepare To Be Inspired with Rylee Meek,47.8,https://www.youtube.com/watch?v=S6WNPcSqONQ
284,-R-IDsfD2qk,Build Your Confidence with Wiley Cortez,53.8,https://www.youtube.com/watch?v=-R-IDsfD2qk
285,EmHWENCXyRA,The Comfort Crisis with Michael Easter,50.1,https://www.youtube.com/watch?v=EmHWENCXyRA
286,fvzzCyDnKsg,"The Secrets of Brandtegics Growth with Joey Gilkey of ""The Best Damn Agency Podcast""",45.9,https://www.youtube.com/watch?v=fvzzCyDnKsg
287,Y0FgqFGbvNw,How To Crush It On Video with Mo Ismail,61.9,https://www.youtube.com/watch?v=Y0FgqFGbvNw
288,aTSpJoJtGS4,A Call Of God with Pastor Drew Davies,64.3,https://www.youtube.com/watch?v=aTSpJoJtGS4
289,KYrtVtnMFhM,Power Of Proximity with Alex Mont-Ros,56.0,https://www.youtube.com/watch?v=KYrtVtnMFhM
290,NXyMiup8REA,Cleaning Up Your Mental Mess with Dr. Caroline Leaf,54.8,https://www.youtube.com/watch?v=NXyMiup8REA
291,UX7OIoZQrK0,Life and Leadership with Obed Martinez,64.3,https://www.youtube.com/watch?v=UX7OIoZQrK0
292,64Cx7SZTkaQ,Selling Millions by 21 with Brennan Arganoff :: Rise Podcast,42.3,https://www.youtube.com/watch?v=64Cx7SZTkaQ
293,9OzB9Ypa3CE,Identity and Faith with Jeff T. Osborne,53.8,https://www.youtube.com/watch?v=9OzB9Ypa3CE
294,EjE24ScwctY,Hustling your way to Success with Austin Rutherford,57.4,https://www.youtube.com/watch?v=EjE24ScwctY
295,24pvF0Sa6ko,Master your Mindset with Collin Henderson,61.9,https://www.youtube.com/watch?v=24pvF0Sa6ko
296,gn4YMc9sieQ,The Go Giver way with Author Bob Burg,31.4,https://www.youtube.com/watch?v=gn4YMc9sieQ
297,oGIFbsfhWdI,Learn to Lead w/ Alan Andersen,49.5,https://www.youtube.com/watch?v=oGIFbsfhWdI
298,R23IOGhMfGU,Master your Routines w/ David Meltzer,28.3,https://www.youtube.com/watch?v=R23IOGhMfGU
299,uxv1GX_DtB4,RISE Podcast w/ Stacy Eakman,42.0,https://www.youtube.com/watch?v=uxv1GX_DtB4
300,K2KVSbVmpkY,5 ESSENTIAL vlog topics for REALTORS,3.5,https://www.youtube.com/watch?v=K2KVSbVmpkY
301,GNeUr3LnLDU,The BIGGEST mistakes real estate agents make on social media,5.3,https://www.youtube.com/watch?v=GNeUr3LnLDU
302,PvhNtuxtfCY,How to stand out on Social Media if you're in Real Estate,8.2,https://www.youtube.com/watch?v=PvhNtuxtfCY
303,feHBtzRAzWI,Gary Vaynerchuks TOP 4 TIPS for Real Estate Agent Marketing,4.8,https://www.youtube.com/watch?v=feHBtzRAzWI
304,gFr4sCAMqZY,"$2,500,000 Modern Farmhouse Tour",1.0,https://www.youtube.com/watch?v=gFr4sCAMqZY
305,qAorgh9Sjj4,A Tudor Style House Tour,1.6,https://www.youtube.com/watch?v=qAorgh9Sjj4
306,iC02W_qJnq0,Ranch Style Home | House Tour,1.6,https://www.youtube.com/watch?v=iC02W_qJnq0
307,VpMr-LkNsT0,6 ways to grow your instagram if you're in real estate [2019],3.0,https://www.youtube.com/watch?v=VpMr-LkNsT0
308,dA9jlQk0_5c,Boating Vibes | 2019 Opening Day,0.5,https://www.youtube.com/watch?v=dA9jlQk0_5c
309,aEt_nkkK_SI,How LinkedIn can GROW your Real Estate Business,3.8,https://www.youtube.com/watch?v=aEt_nkkK_SI
310,Ou1joX1bbO4,How to build a BRAND on social media,3.0,https://www.youtube.com/watch?v=Ou1joX1bbO4
311,S2BQlMFfUBo,TOP 3 APPS FOR AMAZING INSTAGRAM CONTENT,1.9,https://www.youtube.com/watch?v=S2BQlMFfUBo
312,SzPlGOQNiGE,Luxury Townhouse Home Tour,1.2,https://www.youtube.com/watch?v=SzPlGOQNiGE
313,vnKzuq1-LzE,5 Reasons you need a VLOG if you're in the Real Estate industry,2.4,https://www.youtube.com/watch?v=vnKzuq1-LzE
314,kgCvGWLxILQ,Where to find ROYALTY FREE MUSIC,2.0,https://www.youtube.com/watch?v=kgCvGWLxILQ
315,ce2wYA57b5Y,HOW TO EDIT A VLOG IN 15 MINUTES,4.0,https://www.youtube.com/watch?v=ce2wYA57b5Y
316,TL5Pa45Wl6k,THE BEST VLOGGING EQUIPMENT FOR REALTORS,3.0,https://www.youtube.com/watch?v=TL5Pa45Wl6k
317,_0KyzhTsQgg,"DRONE BOOMERANG | DJI MAVIC AIR | KIRKLAND, WA",0.2,https://www.youtube.com/watch?v=_0KyzhTsQgg
318,LrvOPwr61ik,GOLDEN GATE DRONE // DJI mavic air pro,0.7,https://www.youtube.com/watch?v=LrvOPwr61ik
